{
    "dynamic_obstacles_summary": {
        "time_step": {
            "count": 500.0,
            "mean": 250.5,
            "std": 144.4818327679989,
            "min": 1.0,
            "25%": 125.75,
            "50%": 250.5,
            "75%": 375.25,
            "max": 500.0
        }
    },
    "dynamic_paths_summary": {
        "time_step": {
            "count": 496.0,
            "mean": 7.147177419354839,
            "std": 5.009940834826174,
            "min": 1.0,
            "25%": 3.0,
            "50%": 6.0,
            "75%": 11.0,
            "max": 19.0
        },
        "path_id": {
            "count": 496.0,
            "mean": 18.657258064516128,
            "std": 13.558532582840032,
            "min": 1.0,
            "25%": 8.0,
            "50%": 16.0,
            "75%": 26.0,
            "max": 66.0
        },
        "cost": {
            "count": 496.0,
            "mean": 6.969758064516129,
            "std": 4.93319950083983,
            "min": 1.0,
            "25%": 3.0,
            "50%": 6.0,
            "75%": 11.0,
            "max": 18.0
        },
        "time": {
            "count": 496.0,
            "mean": 6.969758064516129,
            "std": 4.93319950083983,
            "min": 1.0,
            "25%": 3.0,
            "50%": 6.0,
            "75%": 11.0,
            "max": 18.0
        }
    },
    "final_ranked_paths_summary": {
        "rank": {
            "count": 14.0,
            "mean": 7.5,
            "std": 4.183300132670378,
            "min": 1.0,
            "25%": 4.25,
            "50%": 7.5,
            "75%": 10.75,
            "max": 14.0
        },
        "path_id": {
            "count": 14.0,
            "mean": 14.428571428571429,
            "std": 11.332148181946017,
            "min": 1.0,
            "25%": 4.75,
            "50%": 12.0,
            "75%": 22.75,
            "max": 35.0
        },
        "cost": {
            "count": 14.0,
            "mean": 3.0,
            "std": 0.0,
            "min": 3.0,
            "25%": 3.0,
            "50%": 3.0,
            "75%": 3.0,
            "max": 3.0
        },
        "time": {
            "count": 14.0,
            "mean": 3.0,
            "std": 0.0,
            "min": 3.0,
            "25%": 3.0,
            "50%": 3.0,
            "75%": 3.0,
            "max": 3.0
        }
    }
}